{
  "project_info": {
    "project_number": "980378404869",
    "project_id": "hospitalfinder-3f784",
    "storage_bucket": "hospitalfinder-3f784.firebasestorage.app"
  },
  "client": [
    {
      "client_info": {
        "mobilesdk_app_id": "1:980378404869:android:892c74a75e074fff4b346c",
        "android_client_info": {
          "package_name": "com.example.hospitallocation"
        }
      },
      "oauth_client": [],
      "api_key": [
        {
          "current_key": "AIzaSyBnU9HQiJvauQAEFPBDsJjRQhcQqJqFxTw"
        }
      ],
      "services": {
        "appinvite_service": {
          "other_platform_oauth_client": []
        }
      }
    },
    {
      "client_info": {
        "mobilesdk_app_id": "1:980378404869:android:bd64a87fa92c82984b346c",
        "android_client_info": {
          "package_name": "com.example.hospital"
        }
      },
      "oauth_client": [],
      "api_key": [
        {
          "current_key": "AIzaSyBnU9HQiJvauQAEFPBDsJjRQhcQqJqFxTw"
        }
      ],
      "services": {
        "appinvite_service": {
          "other_platform_oauth_client": []
        }
      }
    }
  ],
  "configuration_version": "1"
}